image_name,scale,center_w,center_h,original_0_x,original_0_y,original_1_x,original_1_y,original_2_x,original_2_y,original_3_x,original_3_y,original_4_x,original_4_y,original_5_x,original_5_y,original_6_x,original_6_y,original_7_x,original_7_y,original_8_x,original_8_y,original_9_x,original_9_y,original_10_x,original_10_y,original_11_x,original_11_y,original_12_x,original_12_y,original_13_x,original_13_y,original_14_x,original_14_y,original_15_x,original_15_y,original_16_x,original_16_y,original_17_x,original_17_y,original_18_x,original_18_y,original_19_x,original_19_y,original_20_x,original_20_y,original_21_x,original_21_y,original_22_x,original_22_y,original_23_x,original_23_y,original_24_x,original_24_y,original_25_x,original_25_y,original_26_x,original_26_y,original_27_x,original_27_y,original_28_x,original_28_y,original_29_x,original_29_y,original_30_x,original_30_y,original_31_x,original_31_y,original_32_x,original_32_y,original_33_x,original_33_y,original_34_x,original_34_y,original_35_x,original_35_y,original_36_x,original_36_y,original_37_x,original_37_y,original_38_x,original_38_y,original_39_x,original_39_y,original_40_x,original_40_y,original_41_x,original_41_y,original_42_x,original_42_y,original_43_x,original_43_y,original_44_x,original_44_y,original_45_x,original_45_y,original_46_x,original_46_y,original_47_x,original_47_y,original_48_x,original_48_y,original_49_x,original_49_y,original_50_x,original_50_y,original_51_x,original_51_y,original_52_x,original_52_y,original_53_x,original_53_y,original_54_x,original_54_y,original_55_x,original_55_y,original_56_x,original_56_y,original_57_x,original_57_y,original_58_x,original_58_y,original_59_x,original_59_y,original_60_x,original_60_y,original_61_x,original_61_y,original_62_x,original_62_y,original_63_x,original_63_y,original_64_x,original_64_y,original_65_x,original_65_y,original_66_x,original_66_y,original_67_x,original_67_y
youtube2/001.jpg,1.2564528299999997,237.633208,252.633962,134.472453,166.206792,125.270943,196.419623,116.793962,225.581887,111.987925,250.886038,111.987925,280.048302,121.575849,305.352453,133.361509,322.215849,154.37283,339.78566,183.836981,360.525283,223.637736,364.727547,253.126038,362.626415,273.388679,357.699623,298.433208,347.52,320.531321,330.656604,334.176604,308.866415,350.381887,282.855849,363.278491,257.913962,167.269434,140.540377,186.421132,140.540377,208.156981,145.123019,219.942642,153.907925,232.476981,163.036981,293.651321,184.82717,313.551698,188.341132,327.17283,193.249811,339.320755,202.034717,350.744151,215.04,249.793208,195.369057,244.649057,211.526038,236.896604,225.581887,231.752453,236.123774,205.959245,245.959245,215.160755,248.422642,226.946415,254.037736,241.702642,257.551698,249.430943,261.06566,177.219623,175.335849,194.898113,173.578868,207.794717,178.50566,216.996226,192.561509,202.264151,192.199245,187.532075,186.221887,282.227925,217.847547,298.433208,212.576604,314.276226,219.966792,321.642264,229.095849,309.856604,231.215094,294.375849,224.875472,176.470943,288.489057,188.643019,276.190189,206.683774,273.020377,215.523019,277.584906,227.33283,279.704151,238.007547,290.590189,244.262642,311.329811,227.695094,319.408302,212.21434,327.142642,200.066415,325.023396,191.589434,321.509434,178.69283,308.866415,180.166038,288.833208,204.099623,281.098868,214.049811,284.975094,226.221887,287.782642,240.229434,310.623396,213.687547,314.843774,206.321509,313.430943,197.482264,310.623396
youtube2/002.jpg,2.06804528,904.5252830000001,342.05433949999997,772.830189,238.224906,744.525283,268.790943,720.277736,300.96,704.096604,333.645283,697.720755,378.421132,697.720755,405.319245,705.255849,426.919245,719.698113,438.520755,743.366038,455.393208,806.351698,478.569057,862.913208,491.746415,910.876981,505.46717,966.90717,507.559245,1002.119245,498.620377,1038.538868,472.26566,1074.910189,441.156226,1111.329811,399.504906,801.714717,184.455849,822.484528,178.668679,841.563774,176.549434,853.107925,179.184906,862.913208,184.999245,942.08,203.447547,968.646038,203.963774,989.995472,212.413585,1017.141132,225.590943,1048.923774,256.673208,871.607547,215.565283,858.904151,231.89434,845.041509,239.284528,826.541887,245.615094,791.329811,292.510189,801.135094,291.993962,813.258868,293.569811,832.338113,300.416604,845.621132,312.018113,790.170566,229.258868,801.135094,221.895849,814.418113,223.471698,828.280755,233.497358,813.838491,233.497358,802.873962,231.378113,924.16,260.368302,940.920755,254.581132,960.0,261.427925,973.862642,273.54566,954.203774,273.54566,939.181887,268.274717,747.423396,358.940377,760.706415,347.338868,771.670943,331.526038,784.37434,328.37434,797.077736,337.856604,811.52,361.032453,838.66566,389.506415,804.033208,394.777358,781.476226,390.566038,762.445283,386.327547,750.901132,376.845283,750.901132,368.938868,758.387925,359.456604,778.626415,345.219623,787.852075,344.703396,794.759245,348.398491,830.019623,382.659623,794.179623,376.329057,783.794717,371.058113,773.989434,366.846792
youtube2/003.jpg,1.9349735849999998,675.2120755,343.915472,481.714717,241.403774,483.453585,288.298868,493.838491,336.280755,496.736604,379.480755,511.758491,420.072453,534.846792,455.909434,560.833208,475.933585,596.093585,494.381887,648.066415,507.043019,709.313208,500.196226,752.591698,490.713962,787.272453,474.357736,817.895849,450.122264,840.404528,407.954717,848.519245,371.57434,858.904151,329.406792,868.709434,282.511698,520.404528,200.268679,548.709434,186.575094,577.593962,180.787925,603.580377,184.999245,627.248302,191.329811,723.175849,199.236226,749.162264,196.057358,777.46717,198.176604,803.453585,208.718491,827.701132,226.623396,672.893585,247.190943,668.256604,276.697358,666.566038,300.416604,660.769811,323.103396,634.203774,338.916226,648.066415,341.008302,663.088302,341.008302,681.587925,341.008302,697.720755,342.584151,555.664906,252.461887,575.275472,237.165283,600.682264,238.768302,621.500377,254.037736,597.832453,262.487547,578.753208,260.368302,722.596226,265.123019,743.366038,251.402264,773.989434,255.613585,787.272453,273.029434,769.352453,278.300377,748.582642,278.300377,595.513962,405.835472,620.920755,393.717736,646.327547,380.024151,659.610566,386.327547,671.73434,382.116226,689.65434,392.658113,712.742642,408.470943,687.915472,431.673962,668.836226,436.401509,654.393962,434.309434,630.726038,431.130566,617.443019,419.01283,615.124528,403.743396,642.270189,391.598491,653.283019,394.777358,667.725283,392.141887,694.870943,405.835472,671.154717,416.377358,660.769811,417.436981,641.690566,413.741887
youtube2/004.jpg,0.6822339649999999,360.887547,234.8015095,355.960755,166.578113,342.611321,172.215849,330.674717,181.154717,321.183396,188.110189,315.206038,197.375094,311.347925,210.633962,310.641509,224.531321,309.590943,238.442264,313.449057,258.656604,318.375849,274.211321,323.646792,283.815849,327.160755,290.771321,334.188679,298.392453,344.024151,302.37283,358.786415,303.024906,370.016604,301.70717,383.021887,297.726792,383.728302,189.427925,395.320755,200.363774,402.710943,210.633962,404.812075,219.898868,403.399245,231.486792,407.981887,258.656604,411.133585,265.272453,412.184151,272.227925,411.133585,278.517736,406.569057,285.14717,391.462642,245.397736,385.829434,247.394717,382.315472,251.361509,377.406792,253.684528,365.81434,243.41434,366.864906,246.063396,368.259623,252.02717,368.259623,254.676226,367.209057,257.990943,373.89283,209.302642,378.457358,214.274717,380.920755,219.57283,378.801509,225.196981,375.993962,221.556226,374.236981,217.589434,384.778868,261.30566,388.655094,267.921509,388.655094,274.550943,385.141132,280.175094,384.072453,274.550943,383.728302,269.25283,337.340377,235.793208,344.730566,242.422642,350.001509,247.055094,351.052075,251.361509,351.758491,254.010566,349.639245,259.648302,346.831698,266.603774,339.803774,263.289057,335.583396,259.648302,334.188679,256.333585,334.188679,251.701132,333.826415,244.74566,337.702642,237.790189,347.882264,248.712453,349.295094,253.684528,349.295094,255.993962,346.831698,265.272453,341.560755,260.300377,340.85434,256.999245,339.803774,253.018868
youtube2/005.jpg,0.573645285,363.1154715,129.260377,339.006792,87.486792,325.584906,92.499623,316.437736,101.193962,310.641509,114.629434,308.793962,126.230943,308.196226,135.984906,305.750943,143.891321,306.366792,149.950189,310.931321,156.796981,324.063396,164.18717,342.973585,174.98717,357.011321,182.621887,371.664906,186.575094,384.778868,184.741132,398.218868,178.410566,409.503396,171.563774,420.48,159.432453,350.599245,75.62717,356.703396,72.733585,363.423396,71.94566,367.082264,74.581132,368.911698,78.792453,380.812075,88.804528,388.147925,90.122264,393.636226,94.863396,399.124528,101.723774,404.304906,110.676226,363.731321,90.910189,359.148679,93.287547,355.181887,94.34717,346.940377,95.923019,335.04,104.359245,337.793208,105.14717,341.76,106.464906,344.513208,108.570566,346.342642,111.735849,346.034717,85.639245,350.90717,85.381132,353.968302,86.956981,354.873962,90.910189,349.693585,90.393962,346.940377,88.804528,370.741132,104.087547,375.939623,107.25283,381.427925,111.735849,386.916226,118.85434,378.384906,115.430943,371.97283,110.16,320.096604,121.489811,323.139623,117.006792,328.627925,113.583396,331.073208,114.113208,334.442264,116.748679,337.793208,127.548679,344.513208,137.560755,329.859623,138.620377,323.447547,136.514717,321.002264,134.925283,318.864906,133.077736,321.310189,127.290566,323.139623,122.277736,328.338113,120.172075,330.765283,120.701887,332.61283,123.06566,339.930566,135.713208,329.859623,133.077736,326.200755,129.926038,324.063396,127.806792
youtube2/006.jpg,1.126007545,350.3003775,192.912453,237.699623,140.984151,245.325283,170.246038,252.353208,196.858868,258.457358,217.154717,270.66566,240.086038,286.822642,257.73283,307.888302,266.440755,333.210566,276.45283,365.868679,284.889057,396.679245,271.711698,419.57434,258.792453,436.963019,246.93283,448.247547,232.437736,458.028679,205.553208,458.93434,184.999245,461.687547,159.17434,462.901132,132.031698,266.390943,119.900377,284.087547,109.630189,303.613585,104.889057,318.864906,106.206792,330.765283,108.040755,389.977358,110.676226,403.70717,102.253585,419.57434,100.935849,428.721509,103.829434,441.853585,109.630189,364.34717,136.514717,365.560755,145.738868,367.082264,156.538868,368.911698,169.458113,346.940377,189.740377,355.797736,187.376604,364.636981,187.634717,376.247547,187.89283,386.608302,188.164528,292.636981,143.103396,304.82717,132.819623,318.26717,131.501887,333.210566,142.573585,320.404528,147.314717,306.366792,147.314717,389.669434,139.408302,398.218868,127.806792,415.915472,124.655094,427.815849,134.395472,418.650566,144.679245,402.783396,145.46717,319.788679,221.895849,342.067925,222.42566,359.148679,217.684528,371.97283,218.200755,378.384906,215.049057,392.114717,216.883019,410.119245,214.777358,403.091321,241.661887,384.470943,258.792453,373.49434,260.64,357.935094,259.852075,334.732075,244.039245,326.508679,223.743396,358.840755,222.153962,367.698113,222.153962,378.674717,221.366038,403.399245,219.518491,382.043774,245.356981,371.97283,247.720755,360.670189,246.674717
youtube2/007.jpg,1.3213584900000002,183.993962,186.316981,51.858113,191.058113,71.692075,220.836226,91.833962,248.780377,108.93283,267.758491,137.316226,289.358491,166.297358,299.642264,201.690566,303.853585,238.007547,311.501887,277.675472,313.349434,296.893585,289.888302,302.4,273.287547,307.580377,252.733585,314.608302,226.378868,316.129811,196.600755,312.163019,163.127547,299.954717,135.713208,280.120755,111.206038,113.805283,120.430189,131.809811,98.300377,154.704906,86.440755,173.615094,82.487547,187.65283,81.957736,237.699623,72.461887,243.187925,63.509434,250.523774,60.344151,255.396226,59.284528,259.055094,62.979623,230.381887,98.300377,238.315472,109.100377,248.69434,116.748679,263.94566,127.548679,245.325283,165.763019,250.215849,161.28,264.869434,154.691321,275.538113,153.645283,281.642264,155.221132,151.046038,134.66717,163.25434,118.582642,179.411321,106.994717,196.818113,119.642264,192.235472,127.806792,174.230943,133.077736,243.187925,105.935094,250.831698,87.228679,264.869434,85.123019,277.059623,106.464906,271.571321,109.358491,262.116226,109.888302,236.486038,238.768302,254.182642,210.566038,273.09283,184.211321,284.395472,178.152453,296.893585,182.10566,298.125283,196.070943,298.433208,213.731321,303.921509,234.285283,302.707925,255.097358,295.372075,260.368302,282.566038,261.957736,258.149434,258.53434,240.45283,234.285283,272.495094,193.435472,281.642264,190.528302,289.267925,193.163774,292.926792,219.518491,298.433208,246.403019,290.789434,250.627925,279.504906,252.991698
youtube2/008.jpg,1.2939169799999999,276.760755,170.1101885,179.121509,79.852075,161.714717,108.312453,148.29283,132.561509,147.369057,154.433208,157.747925,181.304151,166.913208,204.235472,172.401509,228.226415,174.846792,245.356981,185.823396,261.957736,215.728302,278.028679,263.329811,281.193962,296.295849,285.405283,324.661132,279.876226,350.001509,263.275472,369.835472,243.509434,386.916226,224.789434,406.152453,201.070189,189.790189,54.815094,203.212075,55.603019,214.822642,62.721509,218.789434,68.780377,228.552453,82.487547,268.528302,117.006792,290.789434,120.430189,302.092075,128.078491,311.54717,139.938113,323.755472,161.021887,229.150189,130.972075,221.216604,141.513962,214.822642,152.58566,203.827925,169.186415,191.311698,177.364528,196.818113,180.258113,203.827925,184.469434,209.026415,189.210566,219.079245,196.070943,194.680755,87.758491,202.306415,89.076226,209.026415,94.605283,217.86566,115.159245,204.443774,112.523774,194.988679,101.981887,266.083019,150.48,277.675472,146.255094,289.883774,155.750943,302.997736,171.563774,286.224906,174.457358,270.049811,164.703396,177.889811,179.198491,183.686038,188.952453,190.098113,196.329057,193.756981,201.871698,202.61434,205.023396,217.249811,220.32,234.964528,231.907925,216.036226,226.378868,199.553208,221.366038,191.021887,219.260377,186.439245,212.929811,183.378113,200.024151,181.856604,187.104906,192.235472,201.6,194.680755,205.553208,200.476981,208.976604,231.595472,230.332075,203.212075,215.30717,199.245283,212.671698,194.064906,208.188679
youtube2/009.jpg,1.0802717000000002,281.642264,250.098113,226.723019,168.928302,206.581132,184.469434,191.021887,202.387925,177.581887,221.366038,173.615094,242.449811,179.719245,259.322264,186.74717,269.592453,197.415849,278.028679,212.993208,289.630189,235.25434,306.489057,266.083019,330.208302,293.542642,345.233208,320.69434,353.411321,340.238491,355.516981,358.53283,350.775849,372.878491,339.962264,389.669434,328.102642,262.116226,145.738868,277.367547,144.679245,294.756226,147.57283,304.82717,156.009057,312.470943,165.504906,353.044528,201.341887,364.636981,202.129811,371.664906,210.036226,379.598491,218.730566,384.470943,236.390943,324.969057,188.69434,317.651321,193.435472,312.470943,195.799245,306.058868,197.388679,281.642264,212.929811,288.670189,215.30717,295.68,221.366038,299.954717,227.166792,302.997736,233.755472,266.390943,170.246038,279.196981,169.186415,292.021132,176.046792,294.466415,188.69434,281.950189,182.10566,274.016604,175.775094,339.930566,230.332075,352.446792,230.861887,360.978113,240.086038,364.039245,256.415094,354.873962,246.674717,344.513208,236.649057,229.766038,231.907925,248.69434,222.42566,268.528302,223.213585,276.769811,229.272453,285.301132,234.543396,292.329057,260.110189,290.499623,288.842264,273.09283,275.664906,257.841509,264.321509,252.045283,261.427925,246.556981,257.216604,236.178113,245.873208,233.116981,235.331321,263.329811,232.179623,270.357736,238.496604,277.983396,244.039245,287.746415,281.193962,270.955472,263.805283,260.902642,255.898868,251.429434,249.826415
youtube2/010.jpg,2.4617886799999997,773.3615090000001,548.619623,549.772075,732.280755,608.966038,756.489057,663.957736,774.461887,718.876981,789.296604,774.955472,794.798491,833.062642,783.835472,889.141132,753.350943,943.046038,714.307925,996.950943,665.850566,994.849811,608.019623,978.982642,564.249057,970.50566,525.165283,963.115472,494.680755,946.233962,458.735094,918.701887,415.779623,870.086038,378.244528,821.470189,349.349434,614.255094,557.198491,623.746415,506.418113,651.206038,464.236981,676.636981,431.388679,706.197736,421.240755,748.510189,352.446792,749.596981,324.326038,752.712453,308.716981,759.088302,302.440755,773.868679,309.491321,774.955472,408.729057,795.024906,416.553962,814.08,419.692075,840.525283,423.563774,851.030943,489.219623,854.218868,480.620377,869.071698,457.960755,879.577358,450.950943,885.953208,446.223396,679.752453,549.41434,688.229434,519.704151,704.096604,490.768302,733.729811,486.896604,726.339623,512.653585,718.876981,528.303396,787.634717,400.129811,783.432453,374.332075,790.822642,355.584906,801.400755,356.359245,812.993208,368.870943,806.689811,379.018868,872.18717,629.089811,889.141132,567.38717,905.008302,521.25283,915.586415,502.50566,923.990943,489.993962,933.554717,497.044528,927.178868,522.02717,956.812075,544.727547,968.404528,556.424151,978.982642,574.396981,974.780377,588.457358,967.390189,600.194717,925.077736,625.218113,873.273962,620.531321,916.600755,518.155472,920.875472,506.418113,928.26566,499.367547,922.976604,525.939623,957.826415,567.38717,955.725283,578.309434
youtube2/011.jpg,1.696664155,218.4815095,316.77283,48.815094,234.366792,51.568302,276.53434,59.501887,323.97283,65.298113,356.304906,91.236226,393.907925,115.942642,419.900377,142.188679,432.561509,172.401509,445.204528,222.756226,466.994717,281.33434,444.498113,318.575094,419.556226,344.513208,398.472453,370.451321,368.603774,383.873208,329.950189,385.702642,290.246038,387.532075,247.372075,388.147925,211.181887,64.682264,198.520755,82.686792,189.047547,106.179623,179.193962,126.013585,178.143396,151.951698,180.950943,269.126038,177.436981,295.372075,167.257358,324.969057,166.550943,345.418868,166.895094,366.466415,183.070189,219.695094,232.609811,219.695094,253.693585,220.003019,268.455849,220.618868,302.889057,192.543396,333.101887,202.61434,330.656604,221.216604,332.413585,238.007547,327.830943,257.533585,328.899623,100.999245,244.202264,118.387925,222.77434,139.435472,220.673208,169.340377,241.394717,142.804528,247.372075,118.387925,248.078491,270.955472,232.26566,288.96,208.37434,316.437736,206.617358,338.698868,225.581887,317.959245,231.903396,294.756226,235.073208,167.510943,381.246792,191.311698,375.975849,217.249811,375.631698,228.244528,378.095094,235.870189,374.925283,253.874717,374.925283,274.632453,374.925283,253.258868,391.444528,234.348679,398.816604,222.448302,400.935849,212.069434,400.573585,190.713962,394.958491,176.984151,381.953208,215.420377,382.297358,222.756226,383.003774,234.040755,383.003774,263.637736,379.852075,235.25434,387.930566,225.183396,388.981132,216.96,387.930566
youtube2/012.jpg,2.070339625,996.1901885,402.901132,789.156226,311.610566,792.996226,360.393962,802.125283,409.136604,802.922264,443.655849,821.180377,493.009811,856.247547,532.82717,893.633208,553.65283,933.264906,575.049057,992.024151,589.353962,1056.072453,573.296604,1095.704151,560.784906,1127.728302,541.181887,1152.869434,520.967547,1173.446038,476.341132,1188.733585,430.53283,1193.298113,388.922264,1203.224151,332.436226,839.510943,238.455849,872.259623,222.398491,900.516226,216.448302,924.135849,221.216604,952.32,227.737358,1056.796981,223.009811,1091.139623,218.241509,1114.759245,217.630189,1133.017358,223.580377,1160.476981,242.042264,1002.674717,272.93434,1002.674717,292.578113,1004.196226,308.635472,1003.399245,330.031698,969.853585,372.253585,980.576604,370.501132,998.110189,371.071698,1016.368302,371.071698,1035.423396,374.658113,869.216604,290.784906,894.357736,283.65283,918.77434,283.082264,942.393962,297.916981,919.571321,299.139623,899.719245,299.139623,1066.723019,303.86717,1086.575094,289.603019,1111.716226,291.966792,1138.378868,303.296604,1117.802264,309.246792,1091.864151,308.024151,924.135849,455.515472,951.595472,432.937358,979.055094,416.268679,1005.717736,421.036981,1018.686792,419.243774,1052.232453,437.70566,1075.852075,457.308679,1057.593962,504.910189,1019.411321,531.645283,1001.877736,532.82717,976.012075,526.876981,949.276981,495.984906,933.264906,457.92,979.055094,429.350943,996.588679,430.53283,1013.325283,428.780377,1062.883019,457.308679,1024.77283,504.910189,1001.877736,507.273962,986.662642,503.687547
youtube2/013.jpg,1.6660528300000004,944.313962,565.2475469999999,819.658868,457.92,796.039245,493.580377,780.751698,528.670189,777.708679,561.396226,785.316226,594.69283,799.806792,616.700377,802.922264,633.939623,811.25434,647.633208,823.498868,664.261132,864.652075,690.42566,922.61434,705.912453,960.0,714.226415,1004.920755,705.912453,1037.741887,689.855094,1062.158491,673.186415,1084.981132,652.972075,1110.919245,622.650566,837.192453,420.42566,847.118491,416.268679,860.087547,417.450566,870.738113,425.805283,885.228679,442.433208,959.203019,482.902642,990.430189,486.448302,1011.803774,497.737358,1033.177358,522.72,1051.435472,544.156981,892.111698,500.712453,883.70717,511.430943,873.781132,520.967547,857.044528,535.231698,841.032453,558.991698,847.118491,561.396226,853.204528,564.941887,864.652075,570.892075,878.34566,582.792453,836.467925,462.647547,848.64,448.994717,860.087547,454.944906,868.492075,485.877736,850.958491,481.68,840.235472,472.184151,947.030943,534.620377,963.767547,525.124528,983.619623,538.206792,996.588679,561.396226,974.418113,560.21434,953.841509,551.859623,810.529811,594.69283,823.498868,591.717736,835.670943,596.486038,845.596981,605.981887,857.769057,607.163774,871.535094,617.311698,887.54717,645.228679,866.970566,629.171321,850.958491,621.468679,840.235472,614.90717,831.830943,611.361509,825.744906,599.461132,819.658868,593.510943,837.989434,603.006792,843.278491,608.386415,851.683019,609.568302,873.781132,630.393962,852.48,614.336604,846.321509,612.543396,838.713962,607.775094
youtube2/014.jpg,1.0066415099999997,974.0920755,456.08603800000003,936.742642,374.780377,919.861132,386.721509,903.704151,399.803774,894.937358,421.403774,890.227925,443.57434,889.503396,460.650566,886.822642,469.738868,886.822642,477.686038,886.822642,486.815094,911.09434,505.562264,937.394717,526.632453,960.941887,541.956226,983.184906,553.897358,1002.095094,556.750189,1029.699623,545.950189,1044.552453,538.003019,1061.361509,527.73283,957.609057,355.992453,965.723774,355.421887,974.418113,358.274717,978.475472,364.510189,981.156226,371.927547,1004.123774,405.468679,1014.919245,412.315472,1024.338113,423.115472,1032.380377,437.909434,1037.162264,456.656604,969.056604,401.515472,960.289811,407.750943,946.813585,411.17434,936.742642,411.744906,924.570566,420.833208,927.251321,422.544906,930.004528,425.397736,934.713962,428.780377,938.046792,436.768302,946.161509,375.350943,952.899623,370.786415,957.609057,375.350943,958.98566,390.104151,950.870943,384.439245,948.190189,379.304151,985.213585,431.062642,996.661132,431.062642,1006.152453,442.433208,1008.833208,457.22717,996.661132,448.138868,989.923019,439.050566,902.762264,440.150943,910.297358,439.580377,915.658868,441.862642,917.832453,444.715472,921.6,446.997736,931.236226,462.362264,937.684528,479.397736,924.787925,466.315472,918.339623,456.656604,915.151698,453.233208,912.398491,449.850566,907.036981,444.144906,906.022642,441.292075,912.978113,444.715472,916.166038,446.997736,918.846792,450.421132,934.424151,473.73283,920.513208,456.086038,917.832453,452.662642,914.064906,447.568302
youtube2/015.jpg,2.3750037700000006,916.890566,741.7154714999999,754.161509,604.270189,721.050566,639.889811,699.242264,690.588679,685.983396,739.372075,679.390189,800.381887,682.215849,835.064151,689.823396,860.413585,703.082264,885.763019,736.193208,907.322264,816.615849,939.233208,892.329057,949.544151,948.117736,950.481509,1002.095094,943.92,1039.915472,923.298113,1075.852075,899.823396,1109.977358,869.78717,1154.390943,828.502642,819.441509,542.323019,842.119245,532.949434,863.927547,532.949434,880.953962,541.38566,895.154717,549.821887,978.403019,577.983396,1015.353962,584.544906,1034.264151,594.855849,1055.058113,608.956981,1078.750189,639.889811,904.573585,580.795472,895.154717,589.231698,878.128302,599.542642,857.261887,606.144906,814.732075,646.492075,824.150943,648.366792,837.409811,654.928302,858.203774,663.364528,871.462642,674.61283,810.892075,577.046038,826.976604,568.609811,844.075472,572.359245,856.32,590.169057,836.467925,586.419623,818.499623,581.73283,958.550943,641.805283,980.286792,638.952453,996.371321,649.304151,1019.121509,669.926038,994.487547,664.301887,972.751698,654.928302,747.495849,744.058868,767.420377,713.085283,794.807547,691.526038,813.790189,697.150189,826.034717,699.962264,851.610566,739.372075,884.721509,802.256604,832.700377,827.565283,781.621132,829.44,765.536604,823.815849,754.161509,811.630189,742.786415,776.90717,761.696604,746.870943,795.749434,709.335849,808.066415,714.96,825.09283,717.772075,874.360755,799.403774,796.763774,818.191698,774.955472,816.316981,766.478491,807.880755
youtube2/016.jpg,2.521720755,832.2294335,508.06867900000003,584.766792,393.12,580.057358,448.50566,581.941132,509.474717,582.883019,560.173585,608.386415,605.207547,644.395472,649.304151,677.506415,667.113962,728.58566,688.713962,793.86566,715.897358,869.578868,704.649057,928.26566,683.089811,977.461132,665.239245,1015.353962,630.516226,1041.799245,597.667925,1054.116226,546.072453,1072.084528,493.539623,1084.401509,435.341887,624.543396,319.924528,670.840755,305.864151,703.082264,300.24,735.251321,309.613585,776.839245,326.526792,890.445283,335.900377,926.381887,324.652075,963.260377,324.652075,994.487547,334.963019,1035.206038,359.33434,823.209057,381.871698,823.209057,406.283774,823.209057,428.780377,823.209057,458.816604,778.723019,500.101132,792.923774,499.163774,814.732075,504.787925,836.467925,503.850566,859.218113,511.349434,665.189434,382.809057,688.881509,378.122264,720.108679,379.996981,751.335849,397.806792,720.108679,402.53434,686.997736,394.994717,909.355472,418.469434,934.858868,401.596981,967.027925,406.283774,994.487547,425.030943,969.926038,427.843019,940.582642,427.843019,716.268679,573.296604,751.335849,561.110943,786.330566,556.383396,811.906415,561.110943,838.351698,558.258113,869.578868,568.609811,909.355472,591.106415,880.953962,612.706415,836.467925,619.267925,812.848302,618.330566,791.04,610.831698,750.393962,594.855849,739.960755,575.171321,791.981887,568.609811,814.732075,574.233962,841.177358,571.421887,883.779623,587.356981,829.874717,607.082264,814.732075,607.082264,795.749434,600.520755
youtube2/017.jpg,2.5597584949999996,884.2867924999999,579.858113,628.310943,545.135094,650.988679,610.831698,675.622642,665.239245,699.242264,710.273208,739.018868,746.870943,787.272453,770.34566,839.293585,774.095094,894.21283,779.719245,969.926038,771.283019,1037.089811,729.998491,1085.343396,701.836981,1112.803019,667.113962,1133.596981,621.142642,1140.262642,563.923019,1134.538868,521.701132,1125.12,462.566038,1107.079245,395.932075,665.189434,497.289057,692.649057,471.002264,724.818113,457.879245,769.304151,454.129811,804.298868,455.06717,915.948679,414.72,952.899623,393.12,999.269434,379.996981,1042.741132,381.871698,1066.433208,388.433208,876.244528,486.040755,886.605283,511.349434,897.038491,539.510943,912.181132,569.54717,879.070189,613.643774,894.21283,607.082264,915.006792,602.395472,939.640755,592.981132,959.49283,591.106415,725.76,537.636226,746.553962,518.848302,774.013585,511.349434,809.950189,524.513208,787.272453,536.698868,757.929057,545.135094,952.899623,481.353962,968.042264,448.50566,996.371321,433.46717,1025.714717,441.006792,1010.572075,460.691321,986.952453,472.876981,834.584151,684.02717,869.578868,668.051321,914.064906,653.990943,932.975094,653.053585,950.943396,643.68,990.72,633.328302,1027.598491,620.205283,1002.095094,647.429434,969.926038,668.051321,942.466415,673.675472,919.716226,679.299623,886.605283,679.299623,856.32,675.550189,913.123019,664.301887,932.033208,666.176604,949.059623,653.990943,998.255094,631.453585,947.175849,661.489811,932.975094,668.051321,918.77434,668.051321
youtube2/018.jpg,1.1342086800000002,400.042604,217.258868,286.621736,165.971321,289.973283,193.068679,293.776,221.017358,298.835547,243.115472,308.084528,266.046792,325.32566,284.395472,342.599019,295.245283,361.967094,305.261887,397.319472,317.76,434.347623,309.427925,459.194189,300.661132,477.273208,290.662642,493.289736,274.396981,501.70083,253.132075,507.179321,226.016604,511.368755,205.168302,513.463472,178.904151,314.400906,127.607547,334.187925,119.673962,350.59117,116.757736,364.899698,118.840755,377.951396,123.006792,430.996075,126.77434,445.723547,124.256604,461.288906,124.691321,476.016377,130.523774,488.230189,139.689057,408.244226,135.106415,406.987396,145.956226,406.568453,153.455094,403.216906,161.388679,385.943547,190.98566,393.935698,189.319245,402.797962,189.319245,414.14166,191.402264,422.552755,193.901887,327.452604,149.289057,340.053132,144.289811,356.907547,142.188679,371.216075,145.956226,354.81283,148.039245,343.017962,148.039245,436.44234,153.871698,454.553585,150.538868,471.375774,152.205283,481.913811,158.870943,465.510566,157.621132,452.458868,155.538113,357.326491,238.53283,372.472906,220.184151,392.678868,215.184906,401.508906,218.101132,415.817434,217.267925,429.707019,223.516981,446.142491,239.366038,432.671849,262.297358,412.465887,272.313962,401.927849,271.897358,390.584151,270.647547,366.994415,259.381132,363.642868,236.033208,388.908377,222.26717,398.157358,224.350189,412.465887,223.933585,437.731396,235.616604,409.952226,261.047547,398.157358,259.797736,389.746264,258.964528
youtube2/019.jpg,2.303456605,332.5301135,598.1569815,112.170264,472.876981,111.504906,532.012075,113.500981,586.419623,116.139472,636.140377,130.089057,690.588679,152.642415,728.123774,186.506868,765.658868,217.709887,791.904906,281.423698,828.502642,353.764226,825.690566,398.91683,811.630189,436.085132,793.779623,473.918792,766.596226,507.094943,707.461132,521.044528,653.990943,535.636528,607.082264,553.555321,556.383396,178.545509,386.558491,211.72166,371.560755,246.91683,367.811321,278.762264,376.247547,302.669283,394.994717,420.80483,416.594717,453.338566,410.033208,483.210868,416.594717,507.760302,438.153962,534.305811,486.040755,348.464302,464.440755,343.806792,490.727547,342.476075,516.036226,341.168302,533.886792,297.346415,575.171321,311.961358,573.296604,330.545509,577.983396,352.433509,584.544906,369.709887,595.793208,207.752453,451.317736,240.928604,429.717736,265.500981,434.404528,291.381132,468.190189,262.174189,473.81434,232.301887,471.939623,405.547472,490.727547,444.046491,469.127547,473.918792,476.626415,493.168302,513.224151,470.592,516.036226,440.05434,511.349434,244.255396,672.738113,272.796981,649.304151,308.634566,628.641509,325.888,637.077736,347.133585,634.26566,367.713811,665.239245,384.301887,712.147925,357.091019,744.996226,322.584151,756.244528,310.630642,757.181887,301.338566,754.369811,266.143396,723.436981,250.220679,675.550189,302.669283,648.366792,321.918792,654.928302,341.83366,656.803019,372.348377,699.962264,329.214792,729.061132,319.257358,726.249057,299.342491,720.624906
youtube2/020.jpg,2.935064155,964.4920755,691.994717,670.98566,629.578868,675.550189,705.586415,691.417358,770.34566,710.762264,814.442264,752.784906,866.037736,803.864151,901.698113,866.318491,926.110189,936.670189,932.671698,1037.741887,935.483774,1129.684528,894.199245,1172.866415,857.601509,1202.354717,833.189434,1233.002264,792.842264,1253.506415,743.121509,1257.998491,680.277736,1255.752453,623.017358,1243.218113,562.048302,743.655849,506.662642,786.837736,477.563774,834.511698,458.816604,874.215849,458.816604,910.58717,457.879245,1080.851321,452.255094,1116.063396,448.50566,1153.521509,451.317736,1168.301887,456.941887,1197.862642,469.127547,999.124528,496.351698,1005.935094,527.325283,1013.904906,562.98566,1027.526038,588.29434,974.128302,644.617358,995.719245,639.889811,1020.715472,638.952453,1049.116981,636.140377,1066.143396,638.015094,811.761509,551.696604,837.916981,530.137358,869.723774,526.387925,907.181887,539.510943,876.53434,544.197736,844.727547,547.94717,1077.446038,525.450566,1096.790943,505.725283,1135.408302,509.474717,1162.650566,521.701132,1127.438491,523.575849,1100.196226,525.450566,928.77283,763.784151,961.666415,735.622642,1011.658868,704.649057,1032.090566,704.649057,1054.768302,699.962264,1091.139623,714.96,1116.063396,736.56,1099.036981,774.095094,1069.548679,796.591698,1045.711698,804.131321,1011.658868,806.006038,961.666415,792.842264,938.988679,760.972075,1005.935094,714.96,1030.931321,714.022642,1053.609057,708.398491,1097.950189,735.622642,1058.173585,778.781887,1039.987925,781.593962,1018.469434,782.531321
youtube2/021.jpg,1.176747545,451.4759625,252.706415,343.404679,183.903396,335.831472,215.184906,334.31683,238.53283,333.801208,263.54717,337.346113,288.996226,351.493509,306.928302,360.065736,320.277736,377.242415,329.859623,406.020604,340.709434,444.917887,345.708679,476.725358,345.292075,499.444981,339.459623,518.651925,327.36,534.797358,303.595472,546.431094,283.14566,557.549208,259.381132,569.150717,232.700377,360.581358,161.805283,380.787321,159.704151,394.419094,160.555472,408.050868,163.055094,419.652377,168.05434,478.755623,181.403774,499.960604,180.153962,519.135321,183.070189,532.799321,188.902642,545.915472,197.669434,440.373962,189.319245,436.313434,201.002264,432.285132,214.351698,429.255849,224.766792,414.109434,239.366038,420.683623,239.782642,429.255849,242.698868,438.343698,245.615094,448.946189,249.382642,373.697509,194.735094,388.360528,196.419623,399.962038,198.919245,409.565509,198.919245,395.933736,201.835472,386.330264,200.169057,468.153132,211.000755,480.270264,212.250566,489.358113,214.768302,502.989887,219.350943,491.871774,218.93434,482.268302,217.267925,387.329283,276.896604,401.992302,274.396981,413.110415,270.647547,421.167019,272.730566,428.25683,273.14717,439.85834,280.646038,457.035019,287.329811,435.830038,288.996226,426.742189,287.746415,419.652377,287.329811,412.594792,286.08,400.47766,283.14566,398.447396,277.729811,413.110415,276.063396,419.652377,278.563019,425.227547,278.979623,443.403245,287.329811,428.25683,284.395472,418.653358,283.562264,414.625057,281.895849
youtube2/022.jpg,3.16184151,953.551698,470.064906,673.304151,342.461887,656.64,410.033208,637.367547,472.876981,639.975849,529.2,664.32,586.419623,688.736604,625.829434,711.776604,652.116226,729.744906,674.61283,783.577358,698.087547,891.314717,712.147925,970.867925,705.586415,1040.13283,691.526038,1108.093585,668.051321,1168.37434,620.205283,1204.310943,581.73283,1236.335094,534.824151,1269.735849,470.064906,704.096604,236.418113,742.569057,228.919245,770.753208,227.981887,802.849811,235.480755,838.786415,248.644528,951.595472,267.391698,1000.356226,264.579623,1036.29283,279.577358,1073.461132,295.553208,1120.917736,334.963019,865.666415,314.300377,846.466415,347.148679,834.946415,368.748679,818.209811,394.994717,779.737358,450.380377,801.54566,446.630943,822.122264,445.693585,851.610566,456.941887,866.970566,468.190189,714.384906,318.049811,743.873208,309.613585,770.753208,311.488302,801.54566,336.837736,768.217358,335.900377,738.729057,329.338868,958.043774,373.435472,988.836226,359.33434,1024.700377,371.560755,1047.81283,397.806792,1008.036226,390.307925,978.547925,383.746415,729.744906,544.197736,742.569057,525.450566,777.201509,513.224151,795.169811,521.701132,825.962264,520.763774,856.682264,539.510943,891.314717,581.73283,843.858113,577.983396,806.689811,572.359245,791.329811,571.421887,774.66566,564.860377,756.697358,557.320755,754.089057,542.323019,773.361509,535.761509,795.169811,543.260377,823.353962,543.260377,861.826415,569.54717,814.369811,558.258113,793.86566,557.320755,781.041509,553.571321
youtube2/023.jpg,1.3979773549999999,1082.4815095,451.78641500000003,952.899623,407.221132,942.683774,436.279245,947.755472,465.378113,951.595472,493.539623,964.419623,521.701132,982.387925,543.260377,996.516226,555.446038,1011.876226,562.048302,1036.29283,565.797736,1078.605283,561.110943,1114.541887,549.821887,1151.710189,537.636226,1183.806792,515.098868,1200.470943,493.539623,1210.686792,464.440755,1219.670943,431.592453,1222.279245,394.994717,954.203774,361.249811,960.579623,353.710189,972.172075,349.023396,983.692075,347.148679,995.212075,350.898113,1047.81283,346.211321,1067.085283,339.649811,1087.589434,337.775094,1104.253585,344.336604,1122.221887,354.647547,1015.788679,379.996981,1010.644528,396.869434,999.052075,412.845283,999.052075,423.156226,995.212075,444.756226,1002.964528,441.006792,1014.484528,439.091321,1023.468679,438.153962,1031.148679,439.091321,963.187925,389.370566,970.867925,380.93434,981.156226,378.122264,991.372075,386.558491,982.387925,391.245283,972.172075,391.245283,1058.101132,384.683774,1068.316981,369.686038,1092.733585,365.936604,1104.253585,379.059623,1088.893585,386.558491,1069.621132,388.433208,991.372075,492.602264,990.067925,477.563774,1002.964528,464.440755,1014.484528,465.378113,1028.61283,461.628679,1049.116981,469.127547,1078.605283,483.228679,1055.49283,512.286792,1038.828679,519.78566,1027.308679,517.910943,1015.788679,515.098868,1004.196226,503.850566,1001.660377,485.103396,1008.036226,474.751698,1017.020377,476.626415,1027.308679,473.81434,1067.085283,485.103396,1038.828679,509.474717,1028.61283,510.412075,1015.788679,510.412075
youtube2/024.jpg,1.2268679250000003,675.8883015,301.190943,555.761509,225.808302,553.201509,257.70566,555.761509,290.85283,558.321509,313.376604,564.310943,342.77434,579.719245,364.048302,595.079245,377.823396,615.607547,393.446038,652.365283,402.846792,692.552453,401.596981,725.929057,390.321509,746.409057,379.698113,766.116226,367.797736,773.796226,349.050566,784.90566,322.777358,791.764528,297.129057,798.575094,270.230943,583.969811,203.909434,607.058113,199.535094,622.466415,199.535094,637.826415,203.284528,652.365283,208.283774,707.960755,213.283019,727.619623,211.408302,743.027925,212.658113,753.267925,216.434717,761.817358,222.683774,677.192453,237.056604,673.763019,248.956981,671.203019,259.580377,666.034717,275.230189,641.255849,290.227925,654.925283,290.227925,662.653585,290.227925,672.024151,290.85283,683.133585,295.25434,601.938113,238.306415,612.178113,232.057358,628.455849,231.432453,640.386415,242.707925,625.026415,243.33283,616.476981,241.458113,703.661887,247.082264,714.771321,240.208302,725.929057,242.707925,736.169057,251.456604,725.929057,252.081509,717.379623,250.206792,612.178113,324.02717,636.135849,316.501132,651.495849,314.626415,663.474717,316.501132,673.763019,315.876226,695.981887,322.777358,711.390189,334.02566,692.552453,347.800755,668.643019,355.299623,656.664151,355.299623,648.935849,354.674717,624.156981,342.77434,622.466415,323.402264,652.365283,317.750943,661.784151,320.277736,674.584151,319.000755,699.411321,332.150943,669.464151,347.175849,657.485283,347.175849,649.805283,345.898868
youtube2/025.jpg,0.981132075,335.80679250000003,233.524528,255.22717,187.65283,247.088302,208.501132,239.818868,228.516226,237.693585,243.115472,242.813585,264.796981,253.077736,278.979623,260.781887,286.496604,270.176604,293.995472,288.555472,302.34566,320.193208,309.011321,350.98566,311.510943,370.644528,310.677736,388.178113,300.244528,403.996981,283.978868,412.546415,270.647547,420.661132,251.049057,433.92,228.93283,265.46717,162.638491,275.320755,156.371321,285.560755,155.538113,295.41434,158.45434,304.37434,165.554717,358.255094,182.236981,371.513962,180.570566,385.183396,182.236981,396.727547,188.486038,407.836981,200.169057,320.627925,188.486038,315.073208,203.085283,308.649057,210.167547,303.09434,216.851321,292.830189,230.182642,297.104906,229.766038,302.683774,231.86717,308.649057,233.950189,315.918491,238.116226,266.771321,188.486038,277.880755,187.236226,288.990189,190.98566,296.69434,193.901887,285.995472,198.919245,274.451321,196.836226,346.710943,206.834717,359.535094,207.251321,371.924528,211.000755,385.183396,218.101132,365.089811,217.684528,356.975094,215.184906,268.896604,258.131321,280.006038,253.965283,289.859623,251.46566,295.824906,253.132075,303.963774,253.548679,315.073208,260.630943,334.321509,276.063396,312.078491,271.064151,300.53434,269.81434,292.419623,268.564528,285.995472,266.898113,275.731321,262.297358,275.320755,258.131321,288.990189,256.881509,295.824906,260.21434,303.529057,260.630943,321.062642,270.230943,300.969057,265.213585,294.544906,264.380377,290.270189,262.713962
youtube2/026.jpg,1.93722566,243.119698,455.5154715,49.397132,427.843019,67.315925,474.751698,85.923019,516.973585,105.264302,554.508679,131.763925,586.419623,174.002717,607.082264,207.660679,620.205283,250.63366,628.641509,309.368755,631.453585,359.500075,594.855849,395.291774,562.98566,420.368906,534.824151,432.528906,501.038491,436.842264,456.941887,435.39683,420.344151,428.238491,375.310189,417.500981,318.049811,79.475925,375.310189,98.105962,353.710189,116.713057,344.336604,139.633509,338.712453,171.868981,339.649811,287.870792,307.738868,315.815849,288.05434,340.870038,282.430189,360.922566,279.577358,382.397585,288.991698,247.054491,370.623396,259.237434,394.994717,263.527849,412.845283,267.818264,438.153962,242.05283,483.228679,253.501585,474.751698,270.686189,471.939623,289.316226,467.25283,304.344151,469.127547,128.184755,405.346415,141.056,380.93434,163.976453,374.37283,195.500679,397.806792,176.870642,401.596981,151.816453,409.095849,298.608302,368.748679,313.65917,338.712453,335.134189,334.963019,363.790491,349.023396,345.871698,364.999245,325.107925,371.560755,223.422792,560.173585,243.475321,545.135094,268.529509,524.513208,286.448302,521.701132,301.476226,516.036226,323.685434,516.036226,345.160453,527.325283,333.711698,558.258113,312.213736,577.983396,298.608302,580.795472,284.291623,580.795472,252.079094,575.171321,239.184906,553.571321,271.397434,532.949434,288.582038,532.949434,301.476226,528.262642,333.000453,531.074717,302.92166,554.508679,292.161208,558.258113,278.555774,559.195472
youtube2/027.jpg,2.789433965,989.9954714999999,532.0120755,723.369057,519.78566,735.613585,572.359245,744.163019,622.08,782.200755,685.901887,822.629434,740.309434,866.753208,774.095094,898.632453,787.218113,932.975094,802.256604,995.501887,806.006038,1072.736604,752.495094,1143.885283,696.21283,1206.412075,648.366792,1248.072453,587.356981,1267.70717,522.638491,1268.938868,467.25283,1262.780377,409.095849,1256.69434,329.338868,711.052075,432.529811,726.991698,401.596981,749.089811,365.936604,783.432453,343.399245,816.543396,343.399245,897.400755,297.427925,936.670189,273.015849,986.952453,259.89283,1044.552453,258.018113,1107.079245,269.266415,848.422642,371.560755,847.190943,391.245283,841.032453,401.596981,822.629434,421.281509,823.861132,505.725283,833.714717,493.539623,849.65434,482.291321,872.911698,477.563774,901.095849,480.416604,736.845283,470.064906,755.248302,443.818868,777.273962,432.529811,805.458113,427.843019,779.737358,443.818868,758.870943,456.941887,948.914717,359.33434,982.02566,339.649811,1022.526792,333.088302,1072.736604,334.963019,1021.295094,342.461887,990.647547,350.898113,871.68,680.277736,855.740377,625.829434,850.813585,573.296604,863.130566,566.735094,879.070189,556.383396,931.743396,571.421887,994.270189,611.769057,995.501887,668.051321,978.330566,699.962264,960.0,708.398491,937.901887,716.834717,909.717736,705.586415,888.851321,675.550189,875.375094,598.605283,885.156226,589.231698,895.009811,583.607547,975.86717,623.017358,956.304906,688.713962,947.683019,694.338113,932.975094,699.024906
youtube2/028.jpg,2.578837735,850.4513205000001,359.986415,592.567547,258.955472,594.209811,319.62566,598.26717,380.947925,601.551698,426.593208,622.804528,477.264906,663.667925,511.689057,698.010566,531.686038,749.500377,545.461132,827.169811,561.110943,905.612075,547.960755,966.90717,529.186415,1014.339623,512.938868,1062.544906,478.514717,1088.724528,434.744151,1095.245283,377.198491,1105.871698,327.151698,1108.335094,264.579623,627.731321,193.286038,663.667925,172.636981,699.65283,164.513208,728.247547,166.387925,760.126792,178.261132,882.716981,175.761509,924.401509,158.861887,962.849811,159.486792,997.144151,167.01283,1029.023396,186.384906,818.958491,228.93283,819.779623,257.70566,819.779623,288.978113,819.779623,312.751698,774.037736,350.925283,792.006038,353.424906,818.958491,355.299623,848.422642,355.299623,878.659623,356.549434,675.936604,248.332075,698.010566,223.308679,739.695094,217.684528,765.053585,254.581132,731.532075,260.205283,696.368302,258.955472,900.733585,252.081509,923.580377,218.93434,970.191698,216.434717,997.144151,247.082264,972.655094,255.830943,938.312453,258.955472,726.605283,435.993962,766.647547,419.719245,806.738113,401.596981,825.527547,402.221887,841.032453,401.596981,878.659623,409.720755,924.401509,430.369811,886.822642,442.243019,854.122264,453.518491,829.584906,456.643019,801.811321,457.267925,765.874717,446.617358,751.963774,430.994717,808.332075,418.469434,823.064151,419.09434,845.959245,416.594717,897.449057,425.343396,847.601509,436.618868,829.584906,437.243774,812.437736,434.744151
youtube2/029.jpg,0.945984905,163.55547149999998,222.421132,68.956981,252.98717,85.055094,270.556981,100.446792,284.268679,115.621132,298.668679,134.938868,305.696604,156.090566,307.453585,174.701887,305.352453,193.095849,299.719245,221.596981,283.562264,239.76,269.162264,247.123019,254.037736,254.010566,237.880755,258.153962,222.067925,254.93434,206.961509,248.726038,191.148679,238.849811,176.748679,217.929057,151.444528,78.846792,217.503396,91.942642,199.22717,102.29434,189.735849,114.941887,179.900377,128.037736,175.68,161.606038,151.444528,174.022642,141.953208,185.515472,138.439245,194.250566,137.388679,204.588679,138.439245,149.189434,177.09283,155.859623,184.120755,161.836981,188.341132,170.110189,195.713208,160.451321,219.966792,164.594717,216.090566,172.175094,212.232453,179.30717,206.961509,186.656604,204.153962,100.229434,223.118491,108.964528,211.526038,117.930566,204.860377,133.322264,197.470189,121.829434,209.062642,112.632453,215.402264,171.033962,175.335849,178.152453,165.500377,187.118491,160.573585,199.304151,158.110189,191.261887,167.601509,182.757736,172.166038,166.428679,269.850566,165.504906,254.4,176.780377,234.729057,185.515472,229.802264,191.941132,223.118491,206.205283,221.723774,223.906415,224.875472,223.675472,240.688302,214.016604,251.230189,208.963019,254.037736,199.766038,257.913962,183.206038,264.579623,168.493585,259.308679,181.603019,236.830189,187.349434,236.123774,193.788679,230.85283,216.77434,226.632453,209.193962,246.66566,204.357736,248.766792,197.701132,252.280755
youtube2/030.jpg,1.15955925,312.397283,437.990943,196.831396,412.682264,196.441358,435.62717,199.538717,462.484528,203.439094,483.06566,210.803925,502.016604,222.069132,517.055094,236.431698,528.914717,251.57434,536.046792,280.299472,534.457358,317.811925,524.961509,350.27683,516.280755,374.45917,509.148679,394.488755,497.289057,407.635321,481.476226,415.917887,461.710189,423.512151,440.354717,428.353208,404.775849,205.871094,373.965283,216.929811,362.88,230.053434,353.384151,247.329811,353.384151,261.141736,354.199245,305.376604,348.656604,326.094491,339.935094,344.747472,339.935094,362.023849,345.477736,373.770868,352.609811,278.418113,369.196981,278.418113,374.739623,275.664906,380.282264,269.447245,385.009811,254.235774,416.635472,265.294491,413.497358,271.512151,412.682264,283.947472,411.09283,297.759396,415.861132,225.235321,396.095094,232.141283,385.009811,243.888302,381.871698,256.323623,390.552453,243.888302,392.916226,232.141283,395.28,317.811925,383.420377,329.558943,370.786415,344.747472,372.375849,357.871094,381.871698,343.370868,384.235472,330.247245,385.824906,243.2,470.390943,250.105962,456.167547,261.852981,438.765283,271.512151,438.765283,283.947472,438.765283,297.071094,448.261132,315.724075,465.663396,293.629585,475.159245,285.324075,482.250566,271.512151,484.655094,263.229585,484.655094,254.235774,479.886792,250.794264,469.616604,263.917887,448.261132,273.6,449.076226,283.25917,445.897358,304.0,461.710189,282.570868,468.842264,275.664906,470.390943,265.982792,471.980377
youtube2/031.jpg,1.117222645,603.9184905,295.14566049999996,493.596981,260.368302,502.098113,286.206792,510.550943,308.323019,515.526038,328.890566,532.48,348.398491,550.158491,364.727547,568.561509,372.633962,583.390189,381.6,618.070943,388.963019,649.177358,372.633962,674.632453,353.126038,690.910189,329.406792,706.463396,306.230943,713.515472,275.121509,714.24,250.342642,715.640755,227.166792,711.390189,201.328302,492.196226,241.92,502.098113,236.13283,509.150189,234.013585,518.327547,232.437736,530.354717,232.437736,598.943396,219.776604,613.095849,210.810566,625.847547,207.658868,642.801509,207.658868,666.855849,209.778113,572.812075,256.156981,575.613585,265.123019,574.937358,274.061887,574.21283,290.418113,572.812075,310.442264,579.864151,308.866415,586.916226,306.74717,595.417358,304.655094,604.594717,303.052075,516.926792,267.758491,527.553208,261.427925,540.256604,258.249057,553.684528,261.944151,545.907925,267.758491,533.204528,271.426415,603.193962,253.521509,617.346415,243.495849,633.624151,239.284528,650.578113,237.165283,637.150189,248.766792,623.722264,256.156981,566.436226,339.432453,578.463396,338.916226,588.365283,334.677736,598.26717,334.161509,603.918491,332.042264,622.997736,327.314717,640.0,320.984151,627.97283,337.856604,619.471698,351.550189,609.569811,355.761509,599.667925,355.761509,581.989434,349.97434,574.937358,339.948679,591.891321,338.916226,599.667925,337.856604,607.444528,335.737358,633.624151,324.135849,611.695094,344.18717,603.193962,347.855094,596.818113,347.338868
youtube2/032.jpg,1.7538415049999998,599.6679245,360.5162265,427.809811,401.107925,441.962264,433.766038,457.515472,459.604528,472.392453,482.807547,510.550943,501.255849,543.106415,504.407547,566.436226,497.560755,591.166792,487.018868,637.150189,471.206038,688.784906,442.732075,725.542642,419.01283,750.997736,399.504906,769.400755,368.938868,775.052075,336.280755,766.550943,304.655094,752.398491,268.274717,736.845283,235.589434,424.283774,348.398491,441.237736,323.103396,458.24,305.171321,478.72,293.053585,505.624151,290.93434,569.237736,252.461887,592.615849,231.89434,615.94566,220.836226,637.150189,217.684528,663.329811,216.624906,543.106415,280.935849,546.632453,289.874717,551.559245,299.384151,550.158491,313.593962,550.883019,358.940377,559.335849,352.093585,567.836981,345.219623,582.713962,339.432453,596.141887,334.677736,452.588679,362.608302,472.392453,339.948679,487.94566,330.466415,512.0,325.195472,487.221132,336.796981,473.793208,347.855094,595.417358,277.756981,609.569811,261.427925,622.997736,255.097358,653.427925,248.766792,630.098113,259.852075,618.74717,264.579623,546.632453,427.462642,561.461132,405.319245,575.613585,381.6,591.166792,377.388679,601.793208,370.514717,629.373585,368.422642,663.329811,362.092075,653.427925,388.446792,629.373585,406.378868,614.496604,411.106415,601.068679,414.285283,573.488302,422.191698,561.461132,416.377358,581.989434,392.658113,593.292075,391.082264,605.319245,381.6,647.776604,370.514717,620.196226,394.777358,606.72,398.988679,591.891321,402.140377
youtube2/033.jpg,1.118445285,216.7607545,232.9630185,113.393208,277.584906,129.790189,295.154717,147.328302,313.430943,167.121509,331.000755,186.928302,340.836226,206.436226,339.78566,223.97434,335.565283,240.086038,335.927547,266.956981,332.757736,289.575849,311.673962,306.828679,287.782642,321.81283,267.749434,328.605283,239.637736,327.192453,216.090566,317.289057,194.318491,310.510189,169.358491,297.781132,140.902642,104.916226,239.637736,108.869434,222.067925,121.027925,206.961509,132.629434,199.589434,145.915472,194.662642,194.834717,156.715472,203.610566,140.196226,216.05434,131.06717,231.323774,125.089811,253.100377,125.796226,190.310943,207.30566,197.94566,219.260377,202.469434,229.095849,209.261887,238.243019,208.691321,265.648302,216.611321,257.913962,220.29283,254.4,225.944151,249.835472,234.434717,246.66566,138.566038,254.744151,134.884528,238.243019,144.787925,224.875472,169.390189,228.045283,160.627925,245.25283,150.724528,253.349434,222.547925,192.561509,225.101887,170.409057,238.673208,158.816604,260.449811,165.138113,257.053585,181.657358,244.609811,190.098113,220.29283,302.182642,223.118491,288.489057,230.196226,278.635472,236.404528,276.190189,241.498868,271.607547,256.211321,271.263396,271.766038,272.313962,263.846038,283.906415,253.100377,290.93434,246.593208,293.053585,242.911698,295.861132,230.467925,297.962264,225.38717,294.104151,231.880755,284.268679,237.54566,281.461132,244.324528,275.483774,262.990189,274.433208,247.163774,284.61283,241.784151,286.732075,238.102642,287.782642
youtube2/034.jpg,0.8899622650000001,298.11924550000003,237.17433950000003,209.123019,217.159245,219.193962,235.417358,227.743396,252.280755,236.775849,264.579623,252.860377,282.511698,268.969057,296.205283,284.546415,303.595472,300.123774,309.210566,326.279245,310.967547,349.898868,297.962264,364.993208,281.098868,375.04,267.043019,382.067925,252.280755,387.115472,232.609811,385.593962,215.402264,385.086792,195.369057,383.082264,174.285283,223.710189,201.690566,233.756981,194.662642,242.306415,189.735849,251.870189,186.928302,267.447547,185.171321,320.748679,174.629434,330.288302,168.307925,343.861132,163.743396,355.429434,163.381132,368.012075,167.601509,301.645283,203.103396,302.128302,213.645283,304.156981,223.118491,306.668679,236.830189,302.128302,249.835472,305.65434,248.078491,310.194717,247.372075,317.222642,245.25283,324.250566,244.908679,250.855849,220.673208,254.381887,210.131321,266.433208,203.447547,281.020377,212.576604,274.982642,220.310943,262.424151,224.18717,328.283774,203.103396,332.316981,190.098113,348.401509,185.877736,359.462642,195.369057,353.932075,202.396981,341.856604,205.204528,299.133585,284.61283,303.649811,275.121509,309.687547,267.749434,318.72,265.992453,326.279245,264.579623,336.833208,270.21283,342.363774,278.291321,341.856604,293.397736,333.30717,301.838491,325.264906,302.889057,319.22717,302.544906,306.668679,294.810566,303.142642,284.268679,312.199245,270.21283,317.729811,270.919245,322.753208,269.162264,335.818868,274.777358,330.795472,292.003019,325.264906,293.397736,318.236981,293.397736
youtube2/035.jpg,1.6912800000000001,274.87426400000004,439.700038,105.746264,325.354642,109.946038,369.363623,117.575321,399.600604,129.037585,429.388755,144.681283,461.917132,171.035321,492.177736,207.677887,521.044604,257.690038,542.116,308.087321,554.045434,352.377509,529.288906,372.606113,504.556,391.69766,487.594943,414.988981,465.129811,429.862415,436.711774,431.402943,413.797811,439.032226,385.403396,444.002264,337.732906,207.677887,351.481283,241.276075,342.764528,269.904226,340.945585,297.780453,345.055925,314.94634,349.189887,381.757585,344.607094,399.712075,342.315698,418.033358,340.473132,431.769736,343.685811,438.647094,349.189887,344.729887,386.301057,344.729887,400.970717,345.115019,415.191547,348.177736,433.050264,309.224377,454.145283,322.20883,455.515396,335.193283,455.964226,344.344755,455.964226,353.129434,453.224,238.983623,378.978038,261.889811,376.686642,278.688906,376.686642,293.580679,378.529208,276.396453,385.403396,259.597358,388.143623,373.358038,377.607925,394.356906,371.182566,409.633811,368.89117,415.740906,376.237811,402.756453,379.899321,388.634943,379.899321,278.303774,490.807623,303.887547,487.122491,326.408604,483.933434,333.671094,484.831094,342.437434,484.831094,353.514566,485.752377,363.436302,490.33517,348.177736,500.870868,334.808151,511.879019,328.701057,514.170415,318.779321,514.170415,298.532377,506.847396,290.517962,490.807623,319.916377,492.626566,329.838113,493.099019,339.778189,493.099019,349.314792,491.256453,335.945208,500.870868,329.086189,500.870868,321.071774,500.422038
youtube2/036.jpg,2.0732377349999997,934.9675474999999,639.6045285,727.643774,532.093585,739.381132,577.942642,751.118491,627.744906,758.870943,677.54717,771.405283,717.079245,807.341887,752.658113,849.509434,770.834717,894.792453,785.058113,962.680755,800.096604,1011.876226,777.151698,1056.362264,757.38566,1096.211321,728.938868,1120.410566,701.266415,1133.669434,665.687547,1142.291321,622.202264,1142.291321,581.895849,1142.291321,517.829434,785.461132,512.327547,822.919245,502.016604,840.887547,498.063396,878.34566,499.65283,912.760755,505.195472,1028.250566,495.699623,1061.868679,482.250566,1091.501887,479.112453,1109.470189,483.84,1122.729057,504.421132,969.708679,561.314717,972.824151,591.350943,977.533585,619.838491,980.649057,653.053585,938.481509,664.098113,952.537358,664.098113,970.50566,668.866415,991.589434,663.323774,1010.354717,664.098113,836.975094,555.772075,863.565283,540.77434,886.170566,540.0,910.369811,562.904151,886.170566,569.221132,863.565283,569.221132,1025.135094,557.361509,1047.015849,536.046792,1073.606038,527.325283,1090.777358,545.501887,1079.04,558.176604,1055.637736,563.678491,880.736604,702.855849,927.541132,709.94717,959.565283,709.17283,970.50566,708.398491,983.764528,706.809057,1013.470189,704.445283,1038.466415,695.723774,1018.10717,732.892075,984.561509,749.479245,968.911698,752.658113,953.33434,752.658113,911.963774,740.798491,896.313962,708.398491,958.043774,713.126038,972.824151,714.715472,989.270943,709.94717,1022.816604,703.630189,977.533585,728.938868,968.911698,729.713208,957.246792,730.528302
youtube2/037.jpg,1.0130717000000002,450.312453,365.7871695,349.005283,306.74717,350.961509,334.677736,354.873962,361.575849,360.307925,382.659623,366.973585,401.107925,379.435472,422.191698,397.403774,438.004528,417.328302,448.546415,448.555472,461.180377,477.826415,453.817358,486.810566,445.910943,502.424151,438.520755,515.320755,428.495094,528.978113,412.682264,536.803019,391.082264,542.236981,372.633962,548.10566,344.18717,389.216604,283.027925,404.033208,270.910189,420.842264,270.393962,434.101132,273.029434,450.511698,282.511698,515.320755,298.324528,532.093585,294.629434,544.193208,294.629434,551.619623,297.264906,551.619623,311.501887,482.535849,323.619623,480.579623,335.737358,481.738868,346.279245,481.738868,356.821132,455.981887,372.633962,461.81434,374.209811,471.595472,376.845283,482.898113,378.964528,492.280755,382.659623,405.989434,320.984151,414.973585,312.018113,429.029434,310.442264,445.041509,324.679245,433.340377,330.466415,417.726792,329.950189,500.467925,334.677736,513.364528,326.255094,526.261132,327.314717,531.33283,337.313208,523.906415,344.703396,511.806792,343.127547,425.913962,406.378868,441.926038,403.2,461.81434,398.988679,465.328302,402.140377,471.993962,400.564528,484.093585,405.835472,491.121509,413.741887,479.021887,430.098113,466.886038,432.190189,461.81434,431.130566,451.670943,430.61434,438.810566,425.343396,430.98566,409.01434,456.380377,403.743396,465.328302,405.835472,473.551698,404.259623,484.85434,413.22566,468.48,422.191698,461.452075,423.224151,454.786415,422.707925
youtube2/038.jpg,2.74632453,726.484528,444.525283,545.424906,667.616604,602.952453,697.476226,653.476226,713.696604,691.006792,719.157736,752.64,714.21283,808.332075,696.063396,858.083019,675.441509,889.286038,664.736604,933.192453,615.233208,969.46717,538.53283,986.324528,479.166792,995.646792,428.848302,982.991698,379.372075,951.740377,324.923774,925.609057,285.337358,885.083774,245.750943,830.261132,199.562264,478.381887,580.591698,457.322264,536.902642,462.34566,496.473962,484.323019,460.202264,512.966038,428.848302,583.873208,278.762264,587.25434,233.388679,604.981132,201.219623,627.731321,183.070189,669.94717,169.89283,573.729811,374.42717,588.944906,380.18717,601.6,386.789434,616.766792,396.679245,658.982642,475.036981,660.624906,456.887547,670.768302,439.580377,685.113962,421.430943,701.971321,407.411321,530.69283,586.378868,531.562264,540.190189,541.657358,513.808302,570.348679,466.777358,550.110189,515.438491,539.966792,547.607547,659.803774,314.218868,687.62566,271.317736,707.912453,248.223396,755.151698,209.479245,716.316981,249.880755,696.078491,272.975094,752.64,578.119245,742.496604,541.005283,743.317736,507.206038,752.64,489.056604,762.735094,470.092075,805.772075,447.81283,850.499623,428.033208,845.427925,471.749434,829.391698,504.733585,825.189434,515.438491,812.53434,528.643019,790.605283,546.792453,766.116226,551.737358,764.42566,512.150943,775.390189,500.603774,781.331321,492.344151,831.082264,456.072453,801.569811,498.131321,797.319245,507.206038,790.605283,515.438491
youtube2/039.jpg,2.6324528299999996,607.49283,352.9766035,344.247547,356.277736,364.486038,411.541132,392.307925,455.257358,419.308679,498.131321,449.690566,544.32,495.287547,575.646792,546.729057,566.572075,613.38566,543.504906,694.387925,526.98566,777.950189,498.131321,823.498868,480.824151,858.083019,461.832453,870.738113,419.773585,869.916981,373.584906,865.666415,338.943396,859.773585,286.994717,841.22566,234.203774,405.832453,243.278491,435.344906,203.692075,477.560755,184.727547,518.037736,173.995472,554.312453,173.995472,653.041509,153.400755,691.006792,130.306415,724.769811,130.306415,755.97283,136.881509,782.973585,160.818113,609.183396,188.015094,614.255094,205.349434,625.219623,223.498868,635.314717,239.990943,610.004528,301.01434,620.147925,294.412075,641.255849,287.809811,655.601509,287.809811,680.042264,291.939623,461.524528,270.502642,475.870189,250.695849,510.45434,235.861132,545.907925,242.463396,525.621132,256.483019,493.596981,263.900377,675.84,212.766792,699.459623,192.144906,729.841509,188.015094,755.97283,202.034717,738.29434,209.479245,711.293585,217.711698,599.04,401.624151,620.969057,367.824906,640.386415,340.600755,658.982642,334.840755,671.637736,328.238491,696.947925,346.387925,733.222642,370.297358,708.733585,385.132075,679.221132,388.446792,664.006038,393.391698,650.529811,394.206792,629.421887,399.151698,618.457358,386.789434,646.327547,352.963019,663.184906,351.33283,671.637736,348.018113,708.733585,371.954717,678.351698,378.529811,666.566038,381.029434,653.910943,382.659623
youtube2/040.jpg,1.175773585,267.8571325,204.72452850000002,228.21834,322.301887,259.825434,319.218113,285.503245,316.74566,305.653358,307.779623,321.693132,295.729811,333.150113,275.338868,343.236981,261.740377,351.032453,240.113208,357.906642,207.047547,350.56,170.273208,340.024302,144.312453,330.858717,127.317736,318.031623,111.246792,295.566491,95.800755,274.495094,90.855849,253.872528,88.383396,224.084377,87.14717,191.556,308.092075,182.839245,290.784906,177.807623,271.630189,179.177736,258.031698,183.760528,237.640755,190.162264,175.829434,181.917962,158.223396,180.547849,141.228679,185.579472,123.921509,196.587623,106.61434,215.840075,204.887547,233.249962,204.575094,243.33683,203.651321,256.612755,202.102642,279.077887,222.806038,277.235321,216.0,275.865208,203.338868,275.865208,190.365283,275.416377,177.378113,225.00566,291.097358,211.706113,277.186415,211.257283,262.976604,223.163094,243.196981,228.21834,260.816604,230.037283,278.123774,223.635547,173.669434,212.627396,157.910943,213.997509,142.464906,220.422868,125.470189,225.454491,137.832453,228.66717,154.202264,311.606264,244.433208,303.361962,227.126038,292.377434,209.832453,292.826264,203.026415,291.904981,190.976604,297.409057,177.690566,314.370113,163.480755,325.354642,179.538113,327.646038,193.449057,329.016151,201.790189,329.488604,212.603774,325.827094,230.223396,313.0,235.480755,303.834415,211.992453,304.732075,201.790189,302.440679,195.296604,309.314868,173.669434,314.370113,193.136604,315.740226,198.081509,314.370113,206.735094
youtube2/041.jpg,1.9740981149999999,776.3562265,329.4203775,595.996981,226.623396,580.975094,280.392453,578.946415,319.924528,583.728302,371.058113,591.215094,411.649811,608.26566,440.096604,634.88,456.969057,654.635472,472.26566,702.357736,495.441509,763.749434,499.136604,812.147925,494.925283,855.136604,492.289811,885.808302,473.298113,911.746415,442.732075,938.312453,406.895094,958.116226,367.363019,973.766038,315.713208,619.181887,172.338113,643.719245,162.339623,677.144151,159.704151,702.357736,167.06717,725.542642,186.575094,818.282264,210.29434,850.354717,204.50717,881.026415,207.142642,904.887547,217.684528,924.691321,234.013585,752.833208,231.89434,746.022642,257.73283,734.430189,277.240755,731.676981,295.689057,702.357736,321.500377,714.626415,322.56,724.866415,325.738868,742.593208,330.466415,761.720755,338.916226,639.613585,225.047547,655.987925,211.870189,677.144151,211.353962,703.758491,234.529811,678.496604,239.800755,648.501132,236.13283,816.253585,262.487547,842.867925,251.402264,870.834717,260.368302,885.808302,281.968302,866.729057,285.663396,842.191698,280.392453,668.981132,390.566038,680.573585,374.209811,712.597736,365.243774,723.513962,367.363019,739.888302,368.422642,766.45434,384.751698,785.581887,421.132075,746.022642,430.098113,719.408302,430.61434,709.216604,429.554717,696.899623,425.859623,682.602264,411.106415,679.849057,387.930566,707.815849,374.753208,721.485283,380.540377,738.535849,381.056604,771.912453,413.22566,730.324528,412.166038,719.408302,409.530566,709.216604,405.319245
youtube2/042.jpg,0.871124525,339.4173585,149.1532075,258.777358,126.484528,253.657358,140.196226,252.304906,155.302642,253.657358,169.720755,258.439245,184.82717,263.897358,192.90566,270.031698,199.22717,275.489811,204.153962,290.487547,211.526038,318.116226,210.475472,342.991698,207.30566,367.553208,202.034717,391.076226,196.419623,405.397736,182.363774,412.908679,165.500377,417.666415,146.173585,426.529811,125.089811,261.844528,101.886792,267.978868,96.615849,274.813585,92.757736,280.947925,92.413585,287.082264,92.757736,307.876226,91.344906,323.912453,86.780377,336.181132,86.780377,352.893585,91.000755,366.876981,98.028679,289.135094,106.10717,287.420377,111.378113,284.015094,117.699623,279.233208,125.796226,272.422642,146.173585,276.504151,145.123019,279.933585,143.710189,287.082264,142.659623,295.94566,144.760755,262.883019,118.061887,268.679245,114.892075,275.151698,113.497358,280.947925,114.547925,274.475472,115.942642,268.341132,116.649057,319.468679,114.892075,329.708679,113.497358,336.857358,113.841509,348.449811,116.304906,335.843019,116.649057,329.032453,117.011321,267.302642,174.991698,270.369811,168.307925,274.813585,162.330566,278.218868,163.036981,284.353208,160.935849,294.593208,165.138113,317.077736,179.900377,303.794717,185.171321,290.149434,183.41434,284.691321,183.776604,278.895094,182.707925,274.137358,178.849811,272.760755,172.166038,278.895094,167.601509,283.000755,167.601509,287.082264,166.206792,306.861887,176.386415,289.811321,176.042264,285.029434,176.042264,280.271698,174.629434
youtube2/043.jpg,3.2219773599999995,1034.1192449999999,498.8581135,747.713208,346.29283,722.137358,418.224906,713.950189,488.608302,711.921509,558.176604,731.338868,630.883019,770.246038,685.453585,800.893585,720.258113,834.656604,745.526038,920.58566,784.283774,1022.889057,782.69434,1105.702642,766.10717,1177.358491,745.526038,1250.970566,692.58566,1289.877736,633.287547,1323.640755,558.950943,1345.086792,487.793208,1356.316981,408.729057,789.663396,241.92,811.109434,222.928302,844.872453,213.432453,874.578113,213.432453,921.6,222.928302,1084.256604,237.151698,1132.29283,228.470943,1186.56,230.834717,1227.423396,245.058113,1262.200755,278.273208,987.097358,275.909434,968.69434,309.898868,957.391698,328.890566,944.13283,344.703396,915.441509,420.588679,933.844528,416.635472,951.233208,417.450566,976.809057,421.403774,997.313208,427.720755,819.296604,311.488302,839.800755,294.901132,874.578113,293.311698,915.441509,313.852075,876.606792,317.030943,844.872453,315.441509,1087.299623,331.25434,1123.091321,311.488302,1161.998491,315.441509,1208.006038,347.06717,1168.156981,347.841509,1121.062642,342.339623,853.059623,557.361509,875.592453,534.457358,903.196981,500.467925,923.628679,502.016604,946.161509,501.242264,991.154717,547.091321,1034.119245,595.304151,979.924528,608.753208,948.190189,607.978868,921.6,606.389434,906.24,599.257358,882.765283,581.895849,867.405283,557.361509,907.25434,521.008302,920.58566,527.325283,944.13283,524.18717,1019.773585,588.98717,947.175849,599.257358,928.77283,596.893585,912.398491,591.350943
youtube2/044.jpg,2.48114717,881.3162265000001,467.538113,960.0,227.003774,899.57434,229.163774,858.855849,236.744151,813.862642,256.184151,768.869434,287.565283,737.932075,321.06566,714.095094,349.186415,694.387925,377.266415,674.680755,423.767547,701.415849,503.769057,729.527547,570.810566,768.869434,630.230943,813.862642,666.991698,857.406792,696.21283,913.630189,705.912453,967.027925,710.232453,1035.930566,715.65283,1033.104906,219.423396,1052.812075,234.584151,1062.66566,259.444528,1059.84,287.565283,1045.784151,319.965283,1068.244528,419.447547,1087.951698,467.008302,1086.502642,512.409057,1080.923774,548.069434,1062.66566,582.670189,1020.498113,354.566038,1000.790943,349.186415,986.735094,343.766038,971.302642,332.966038,902.4,334.02566,910.876981,342.66566,913.630189,353.506415,917.904906,368.626415,909.427925,393.486792,981.083774,251.864151,985.358491,265.924528,990.937358,283.204528,997.965283,313.485283,982.53283,300.525283,971.302642,274.564528,1004.993208,423.767547,1009.195472,460.528302,1007.818868,495.129057,1006.442264,540.529811,990.937358,500.508679,988.111698,459.427925,802.632453,348.086038,830.744151,336.18566,856.030189,344.82566,847.62566,359.986415,856.030189,379.426415,836.323019,425.927547,805.458113,470.268679,778.723019,451.888302,770.318491,422.66717,766.043774,406.446792,768.869434,392.42717,775.897358,374.046792,804.009057,356.726038,837.772075,356.726038,834.946415,367.566792,840.597736,384.846792,808.211321,461.587925,787.127547,421.607547,785.750943,410.807547,787.127547,396.74717
youtube2/045.jpg,0.6558792449999998,248.96603749999997,172.2430185,275.139623,106.655094,259.689057,107.741887,246.339623,107.741887,236.141887,109.548679,226.306415,116.028679,217.177358,125.035472,212.956981,131.162264,208.392453,137.289057,203.809811,148.102642,203.809811,167.556226,205.566792,185.583396,210.149434,202.510189,217.521509,215.483774,230.526792,224.504151,242.463396,230.264151,256.175094,234.584151,273.038491,237.830943,289.901887,109.548679,292.365283,113.868679,294.122264,121.068679,293.071698,128.282264,289.195472,134.762264,287.09434,167.556226,290.264151,179.089811,291.314717,187.743396,288.851321,197.470189,284.630943,207.196981,274.451321,147.015849,270.937358,145.942642,266.354717,144.502642,260.739623,141.255849,248.784906,135.849057,249.14717,138.729057,249.491321,143.782642,249.491321,148.822642,248.784906,154.582642,272.69434,116.748679,278.309434,120.348679,279.015849,126.475472,273.382642,135.482264,271.62566,129.369057,270.575094,122.875472,270.937358,166.116226,273.382642,174.403019,273.382642,180.176604,269.524528,189.903396,267.767547,182.336604,268.111698,174.769811,229.113962,131.882264,231.921509,136.215849,232.990189,141.255849,232.990189,143.415849,233.33434,146.295849,230.870943,155.669434,227.719245,165.396226,225.6,154.582642,224.893585,147.735849,225.255849,144.502642,225.6,140.169057,228.407547,135.129057,230.164528,135.482264,230.870943,140.535849,229.820377,143.415849,230.164528,147.735849,228.407547,161.429434,228.769811,146.662642,228.407547,143.782642,228.407547,140.169057
youtube2/046.jpg,2.9980981100000004,1140.407547,740.411321,840.597736,650.649057,857.406792,721.806792,879.794717,785.058113,901.095849,837.264906,934.713962,891.020377,993.038491,940.048302,1067.01283,966.90566,1144.32,988.261132,1231.770566,992.21434,1288.935849,952.682264,1320.307925,911.560755,1357.331321,876.796981,1397.687547,826.994717,1432.392453,775.603019,1440.217358,713.126038,1418.916226,654.602264,1393.195472,568.446792,968.404528,558.176604,1012.093585,528.914717,1053.536604,516.280755,1093.89283,515.46566,1127.510943,518.644528,1324.8,510.738113,1353.926038,495.699623,1381.965283,488.608302,1395.441509,490.156981,1398.77434,498.878491,1256.404528,595.304151,1263.142642,619.838491,1277.70566,641.968302,1299.006792,672.004528,1227.278491,762.153962,1251.912453,749.479245,1278.864906,742.387925,1300.166038,740.798491,1321.46717,743.162264,1032.235472,620.61283,1089.400755,606.389434,1125.264906,600.846792,1146.566038,617.474717,1125.264906,626.155472,1069.258868,633.287547,1295.673962,593.755472,1330.378868,577.942642,1357.331321,572.4,1369.648302,578.716981,1358.418113,587.397736,1334.870943,592.940377,1169.026415,866.526792,1210.469434,849.124528,1266.547925,821.452075,1282.197736,822.226415,1297.92,815.909434,1311.323774,824.590189,1332.624906,826.994717,1313.569811,853.077736,1292.268679,875.981887,1277.70566,879.935094,1256.404528,882.339623,1221.699623,884.703396,1196.993208,867.301132,1257.563774,838.039245,1275.459623,838.039245,1294.514717,830.13283,1315.815849,834.086038,1285.603019,845.94566,1272.126792,849.124528,1257.563774,848.309434
youtube2/047.jpg,1.1335184900000002,249.245585,386.21207549999997,138.463396,320.984151,135.893736,347.06717,140.390642,375.513962,141.675472,400.822642,148.122566,424.541887,161.016755,440.354717,174.530415,449.076226,191.279094,460.120755,220.256604,473.569811,251.826717,475.159245,280.804226,468.842264,304.642415,461.710189,323.960755,446.671698,336.189585,428.495094,345.20634,407.954717,352.295849,385.009811,362.597434,351.020377,156.496906,303.581887,177.742491,299.628679,193.20634,297.264906,205.43517,301.218113,220.256604,309.898868,270.502642,320.984151,285.943547,316.215849,303.334642,316.215849,318.156075,323.347925,336.832,334.433208,239.574943,340.750189,237.647698,350.246038,235.078038,358.926792,233.150792,367.607547,218.329358,387.373585,222.826264,388.188679,232.508377,387.373585,238.932528,388.963019,248.591698,394.50566,175.815245,335.981887,189.994264,335.207547,200.938264,336.796981,212.524679,342.339623,198.368604,347.06717,184.832,346.29283,268.575396,352.609811,283.373887,345.477736,298.837736,347.06717,311.066566,357.337358,298.195321,361.290566,280.804226,359.701132,194.49117,425.356981,209.312604,418.224906,223.468679,413.497358,229.915774,415.861132,237.005283,415.861132,250.541887,421.403774,262.770717,434.812075,248.591698,439.580377,235.078038,439.580377,227.988528,440.354717,218.329358,439.580377,204.792755,435.62717,204.792755,425.356981,220.899019,422.178113,228.630943,424.541887,238.290113,422.178113,253.753962,430.858868,235.720453,431.673962,228.630943,431.673962,219.614189,430.084528
youtube2/048.jpg,1.4485735850000003,720.9539625,449.33434,577.400755,400.564528,578.076981,434.309434,577.400755,461.723774,576.096604,489.110943,585.322264,513.373585,602.421132,527.610566,621.548679,540.244528,640.627925,547.634717,674.873962,556.600755,719.649811,553.421887,761.769057,549.726792,799.975849,534.973585,827.65283,516.525283,842.095094,494.381887,848.712453,470.662642,859.870189,444.851321,865.811321,420.588679,595.224151,361.032453,611.018868,352.609811,630.77434,344.703396,653.81434,342.067925,673.569811,346.822642,736.748679,351.033962,756.504151,346.279245,777.612075,344.703396,799.299623,353.669434,820.407547,369.998491,691.97283,366.846792,690.668679,377.904906,688.060377,386.327547,681.443019,393.717736,662.363774,425.343396,670.913208,422.191698,679.462642,420.072453,691.344906,420.072453,701.874717,425.859623,617.587925,385.811321,630.098113,376.329057,643.912453,375.269434,662.363774,383.692075,651.833962,391.598491,632.754717,392.658113,730.855849,388.963019,751.915472,380.540377,770.366792,384.235472,786.789434,395.836981,770.994717,398.988679,750.611321,398.472453,632.754717,477.536604,650.529811,460.664151,671.589434,449.578868,680.138868,451.698113,691.344906,451.181887,711.100377,463.815849,728.875472,484.383396,702.550943,490.170566,690.668679,494.381887,678.834717,495.441509,666.952453,493.86566,651.157736,487.018868,646.569057,478.05283,666.952453,460.120755,675.550189,459.604528,688.688302,458.028679,716.365283,479.112453,690.668679,485.959245,680.138868,487.018868,668.304906,484.899623
youtube2/049.jpg,0.9537283,364.75169800000003,158.189434,391.221132,62.816604,369.195472,65.098868,352.338113,68.34566,335.480755,71.606038,316.739623,82.990189,306.42717,98.286792,300.8,109.358491,295.17283,119.126038,294.713962,139.62566,299.858113,164.363774,305.968302,186.181132,316.739623,212.223396,334.997736,231.09283,350.937358,241.512453,370.137358,248.671698,387.936604,252.258113,412.787925,253.562264,413.246792,71.347925,416.990189,77.827925,417.932075,84.321509,416.531321,91.344906,414.647547,99.998491,424.018113,131.338868,431.046038,142.695849,434.789434,154.582642,432.446792,171.889811,428.703396,189.726792,405.76,108.638491,399.649811,106.478491,392.621887,102.701887,385.135094,96.208302,365.452075,96.208302,366.393962,100.528302,367.794717,107.021887,368.277736,115.675472,368.736604,124.315472,387.936604,65.941132,392.163019,73.507925,393.104906,81.618113,393.104906,91.344906,389.820377,81.074717,388.419623,71.891321,403.417358,137.289057,407.619623,148.646038,409.962264,162.149434,409.020377,175.666415,406.218868,163.236226,405.276981,154.05283,320.483019,106.478491,327.969811,102.158491,340.166038,105.935094,340.624906,109.725283,342.967547,115.132075,340.624906,135.129057,332.655094,155.126038,320.0,141.609057,312.996226,128.10566,311.112453,124.315472,311.571321,117.835472,314.855849,110.268679,322.342642,108.638491,337.340377,108.638491,337.823396,113.501887,339.224151,117.835472,333.596981,149.175849,318.140377,127.018868,316.739623,122.698868,316.739623,117.292075
youtube2/050.jpg,1.8229132100000003,1246.768302,433.243019,1067.375094,346.29283,1064.476981,391.326792,1066.433208,439.580377,1066.433208,479.112453,1077.083774,517.055094,1103.384151,547.86566,1132.510189,564.493585,1162.650566,583.444528,1222.931321,593.755472,1280.313962,592.166038,1321.104906,580.306415,1349.289057,564.493585,1381.38566,543.138113,1395.948679,513.876226,1406.671698,474.344151,1417.394717,431.673962,1429.059623,385.009811,1098.529811,291.722264,1131.568302,280.636981,1171.417358,272.730566,1197.645283,275.135094,1225.829434,286.994717,1318.206792,298.85434,1349.289057,293.311698,1376.531321,297.264906,1398.919245,305.171321,1413.482264,323.347925,1255.027925,339.935094,1255.027925,355.747925,1255.969811,377.103396,1253.071698,400.048302,1219.018868,428.495094,1229.741887,429.310189,1247.203019,430.084528,1264.736604,434.037736,1278.357736,438.765283,1120.845283,347.841509,1150.043774,341.524528,1173.373585,341.524528,1199.601509,348.656604,1174.315472,351.794717,1150.98566,350.246038,1304.58566,360.516226,1330.813585,359.701132,1355.157736,362.88,1374.575094,373.965283,1351.245283,371.560755,1330.813585,369.196981,1177.213585,498.878491,1205.397736,484.655094,1228.8,471.980377,1239.450566,475.933585,1255.969811,473.569811,1272.489057,490.972075,1290.964528,514.691321,1271.54717,520.233962,1249.159245,518.644528,1232.64,519.418868,1219.018868,518.644528,1194.74717,509.148679,1186.994717,494.925283,1227.78566,487.018868,1238.508679,490.972075,1250.173585,489.382642,1278.357736,510.738113,1246.261132,498.063396,1236.552453,497.289057,1226.843774,495.699623
youtube2/051.jpg,1.7450264149999999,834.5479245,480.68150950000006,662.943396,396.095094,660.045283,439.580377,661.059623,487.793208,664.899623,517.829434,680.476981,551.818868,701.850566,577.127547,732.93283,598.483019,766.043774,611.116981,814.659623,617.474717,870.013585,615.070189,912.833208,602.436226,931.308679,592.940377,955.580377,574.763774,976.012075,551.044528,986.662642,519.418868,998.4,482.250566,1009.050566,438.765283,704.748679,347.06717,733.94717,343.888302,761.189434,344.703396,776.69434,348.656604,808.790943,359.701132,908.920755,370.786415,931.308679,368.422642,951.667925,370.786415,969.201509,382.646038,983.764528,398.458868,838.931321,404.775849,836.975094,424.541887,836.975094,444.307925,837.989434,462.484528,807.849057,484.655094,819.513962,485.429434,829.222642,484.655094,843.78566,487.793208,852.552453,490.156981,731.049057,388.963019,751.408302,377.103396,776.69434,377.918491,801.038491,405.590943,776.69434,407.139623,750.466415,400.822642,877.838491,416.635472,897.255849,400.048302,927.396226,400.048302,944.929811,419.81434,930.29434,424.541887,903.124528,425.356981,765.029434,534.457358,787.417358,524.961509,813.645283,520.233962,823.353962,521.008302,833.062642,518.644528,852.552453,528.914717,873.926038,544.727547,849.65434,549.455094,831.178868,552.633962,817.557736,553.408302,807.849057,553.408302,781.548679,541.548679,777.708679,531.278491,811.689057,525.735849,821.397736,527.325283,831.178868,525.735849,860.304906,539.184906,830.164528,532.093585,822.412075,532.093585,812.703396,530.504151
youtube2/052.jpg,1.6787320749999999,795.8460375,324.92377350000004,627.97283,257.73283,635.749434,295.689057,646.13434,332.58566,657.14717,360.0,674.004528,395.836981,696.706415,421.648302,720.664151,438.004528,748.53434,451.181887,799.106415,462.756226,844.461887,451.181887,875.568302,431.130566,901.506415,410.590189,928.700377,377.904906,943.62566,341.551698,948.793962,312.018113,956.570566,271.969811,963.719245,227.166792,656.519245,209.234717,679.17283,196.057358,701.874717,190.270189,729.744906,193.421887,753.074717,202.387925,823.692075,202.387925,851.562264,189.726792,874.892075,187.091321,898.221887,189.210566,927.396226,211.353962,784.181132,249.826415,785.485283,263.003774,788.721509,278.816604,789.349434,297.781132,769.932075,326.255094,779.01283,325.195472,787.417358,324.679245,800.362264,324.135849,815.287547,325.738868,684.389434,259.308679,707.719245,253.521509,730.37283,253.521509,745.926038,256.156981,732.981132,267.215094,703.806792,268.790943,833.449057,254.581132,853.542642,246.674717,877.500377,245.615094,898.898113,246.674717,879.432453,259.308679,852.866415,263.003774,749.838491,383.692075,764.715472,371.57434,784.181132,367.879245,791.957736,369.482264,802.342642,366.846792,815.915472,368.938868,834.753208,375.78566,823.064151,386.327547,803.598491,395.836981,791.329811,397.929057,779.640755,398.988679,764.087547,395.836981,758.919245,382.659623,779.640755,376.329057,790.02566,378.421132,799.73434,375.269434,823.064151,378.964528,802.342642,386.327547,794.566038,388.446792,784.809057,388.446792
youtube2/053.jpg,1.2371320749999999,382.32150950000005,216.5433965,385.135094,92.830189,359.366038,106.704906,332.196226,121.539623,311.571321,136.863396,292.830189,154.56,281.6,179.936604,274.089057,207.215094,274.089057,234.493585,284.884528,274.686792,305.485283,293.832453,327.027925,311.058113,345.310189,327.323774,363.592453,338.336604,391.704151,340.256604,415.130566,335.94566,440.899623,325.89283,472.271698,314.409057,416.531321,109.584906,430.58717,117.246792,438.556981,133.023396,440.899623,149.30717,441.358491,169.883774,465.726792,238.315472,480.241509,248.368302,487.752453,260.812075,490.553962,272.766792,490.095094,293.343396,428.244528,215.818868,414.647547,223.009811,402.475472,230.182642,385.593962,239.746415,360.307925,226.360755,364.051321,231.142642,368.736604,241.195472,372.963019,251.719245,375.764528,263.673962,394.964528,142.116226,406.218868,153.129057,412.304906,167.003774,407.619623,187.580377,399.190943,176.58566,393.563774,159.36,432.446792,248.368302,448.386415,255.070189,456.815094,266.064906,457.298113,282.819623,448.386415,281.859623,436.673208,264.633962,312.513208,218.698868,326.569057,236.884528,346.252075,246.937358,348.111698,255.070189,351.879245,260.812075,347.193962,276.117736,349.053585,291.441509,334.538868,283.308679,323.767547,272.766792,318.599245,267.513962,316.256604,258.892075,314.396981,239.275472,320.941887,233.044528,333.596981,250.288302,335.939623,255.070189,339.224151,262.713962,342.967547,281.859623,333.596981,264.163019,331.713208,259.852075,330.312453,255.541132
youtube2/054.jpg,1.613122265,236.1847545,387.1290565,78.932528,434.309434,100.381585,466.994717,123.454642,498.620377,146.114038,522.339623,174.855774,536.549434,207.642189,542.363774,240.030264,543.423396,266.74966,544.455849,311.670113,533.913962,348.914868,499.136604,370.777585,462.756226,386.971623,432.733585,397.496981,397.929057,393.038642,358.940377,383.723623,326.771321,371.175925,297.781132,350.937208,257.73283,74.872528,382.116226,89.442566,357.364528,108.884604,337.856604,127.499321,331.009811,156.241057,320.467925,230.715245,276.697358,244.074943,256.156981,260.268981,238.224906,280.906038,229.802264,306.415094,232.437736,205.221509,342.584151,211.288528,358.396981,217.769208,370.514717,225.858566,386.327547,216.558868,424.283774,223.836226,417.953208,237.594264,411.649811,251.765962,400.564528,267.96,391.598491,118.996302,398.472453,128.311321,381.6,142.881358,370.514717,167.164755,372.633962,154.617057,386.870943,138.024679,399.504906,249.345283,323.619623,258.644981,303.052075,275.252679,290.418113,295.491396,289.358491,289.822717,306.74717,273.215019,319.408302,216.957208,493.86566,237.195925,468.570566,250.953962,451.698113,263.50166,450.638491,272.816679,441.672453,294.679396,436.944906,323.007472,430.098113,311.670113,462.24,293.055396,479.628679,284.154038,485.959245,274.440679,492.289811,240.842264,498.620377,226.670566,485.959245,254.600302,460.120755,266.336,455.909434,275.651019,448.546415,308.039094,440.64,283.342038,462.756226,274.027019,468.02717,266.336,470.662642
youtube2/055.jpg,1.62812377,338.524981,348.6566035,175.712604,300.416604,190.645132,342.067925,205.012528,375.269434,221.075321,408.470943,241.767849,432.733585,270.480906,455.909434,304.345358,467.510943,347.425811,472.26566,395.65766,471.722264,427.826717,453.273962,445.063245,439.580377,462.278038,423.224151,477.210566,405.835472,496.164226,378.964528,500.185358,347.338868,501.337358,312.018113,500.185358,268.790943,258.982642,267.758491,292.86883,251.94566,319.277887,245.071698,350.881811,245.071698,374.421736,254.037736,441.042113,244.039245,457.104906,231.89434,474.341434,226.10717,492.143094,225.047547,498.468226,233.497358,410.590189,291.477736,412.329057,308.323019,416.915321,326.255094,422.653585,344.18717,392.223396,378.421132,400.26566,374.753208,414.046189,372.633962,427.826717,370.514717,438.738113,369.482264,295.17283,310.442264,314.126491,288.298868,334.797283,282.511698,356.033208,305.171321,339.970415,314.653585,317.560755,318.864906,437.586113,288.842264,451.366642,263.52,472.037434,254.581132,479.514566,273.029434,473.776302,285.14717,456.539774,291.993962,363.51034,431.130566,383.029132,416.377358,405.438792,411.649811,411.177057,413.22566,420.349585,407.954717,427.826717,406.895094,443.911245,412.682264,428.978717,416.377358,416.915321,426.403019,407.721057,429.038491,397.96166,429.554717,385.333132,429.554717,379.008,423.767547,398.526792,416.920755,406.003925,419.01283,416.350189,414.801509,428.391849,410.046792,415.763321,419.01283,409.438189,422.191698,400.26566,422.191698
